{"train_epoch_time":76.99347562399998,"eval_cross_loss":2.005739212036133,"_step":69,"train_epoch_loss":2.1454391479492188,"train_perplexity":8.545793533325195,"eval_ppl":7.431585311889648,"cross_loss":1.9961364269256592,"lr":1e-07,"_timestamp":1.775577361353045e+09,"_wandb":{"runtime":386},"eval_dist_loss":0.3248887360095978,"_runtime":386,"eval_epoch_loss":2.330627918243408,"teacher_loss":2.516908884048462,"train_loss":2.355379819869995,"distil_loss":0.35924336314201355}