{"_runtime":1313,"train_loss":2.197221040725708,"distil_loss":0.47282588481903076,"eval_cross_loss":1.9433255195617676,"_wandb":{"runtime":1313},"teacher_loss":2.2341883182525635,"eval_ppl":6.981931209564209,"eval_dist_loss":0.31636637449264526,"_timestamp":1.7755795235502079e+09,"eval_epoch_loss":2.259692907333374,"cross_loss":1.7243951559066772,"lr":5.11249323574378e-07,"_step":178}